Country name,score,Log GDP per capita,Social support,Healthy life expectancy,Freedom to make life choices,Generosity,Perceptions of corruption,Dystopia + residual,Happiness_Category,Composite Score,GDP-Score Gap
Nepal,5.158,0.965,0.99,0.443,0.653,0.209,0.115,1.783,Medium,0.8159000000000001,-4.1930000000000005
Pakistan,4.657,1.069,0.6,0.321,0.542,0.144,0.074,1.907,Medium,0.7039,-3.588
India,4.054,1.166,0.653,0.417,0.767,0.174,0.122,0.756,Medium,0.7874,-2.8880000000000003
Sri Lanka,3.898,1.361,1.179,0.586,0.583,0.144,0.031,0.014,Low,1.0739,-2.537
Bangladesh,3.886,1.122,0.249,0.513,0.775,0.14,0.167,0.919,Low,0.6774000000000001,-2.7640000000000002
Afghanistan,1.721,0.628,0.0,0.242,0.0,0.091,0.088,0.672,Low,0.32380000000000003,-1.093
